{"cameraMode":{"drawMode":0,"name":"Shaded","section":"Shading Mode"},"sceneLighting":true,"audioPlay":false,"sceneViewState":{"showFog":true,"showMaterialUpdate":false,"showSkybox":true,"showFlares":true,"showImageEffects":true,"showParticleSystems":true},"in2DMode":false,"pivot":{"x":-17.696758270263673,"y":-5.807136535644531,"z":-0.513214111328125},"rotation":{"x":-0.09195557981729508,"y":0.9034991264343262,"z":-0.2445244938135147,"w":-0.3397691547870636},"size":44.852333068847659,"orthographic":false}