{"cameraMode":{"drawMode":0,"name":"Shaded","section":"Shading Mode"},"sceneLighting":true,"audioPlay":false,"sceneViewState":{"showFog":true,"showMaterialUpdate":false,"showSkybox":true,"showFlares":true,"showImageEffects":true,"showParticleSystems":true},"in2DMode":false,"pivot":{"x":9.904487609863282,"y":-4.780645370483398,"z":-4.831939697265625},"rotation":{"x":0.0944848358631134,"y":0.8586111664772034,"z":-0.17119912803173066,"w":0.4738675057888031},"size":59.426063537597659,"orthographic":false}